ObjectID,GlobalID,Date,Location,Unlisted Location,Monitor Name,Vernal Pool Name or ID number,Optional - Water Level (in.),DO (mg/L),DO (% sat.),Conductivity (µS/cm),Salinity (ppt),Temp (C),Water Quality Notes,Optional - Comments,CreationDate,Creator,EditDate,Editor,x,y,atmospheric_pressure_mmHg,ph
1,b3a8154f-d8b6-4846-8ebc-a50c6f3c3caa,1/25/19,ncos,,Joanna Tang,8,,8.71,94.9,551,0.3,19.4,Opaque,,1/26/19 18:13,joannatang@umail.ucsb.edu_ucsb,1/26/19 18:13,joannatang@umail.ucsb.edu_ucsb,-119.8817233,34.41987973,,
2,6ffee4e6-5d28-427f-b1f3-b60078062f88,1/25/19,ncos,,Joanna Tang,7,,9.32,101.3,526,0.3,19.4,Opaque,,1/26/19 18:13,joannatang@umail.ucsb.edu_ucsb,1/26/19 18:13,joannatang@umail.ucsb.edu_ucsb,-119.9079215,34.44000024,,
3,64d10b31-0f49-4c30-b6fe-c711baa7c604,1/25/19,ncos,,Joanna Tang,6,,9.97,108.6,582,0.3,19.4,Opaque,,1/26/19 18:13,joannatang@umail.ucsb.edu_ucsb,1/26/19 18:13,joannatang@umail.ucsb.edu_ucsb,-119.8811534,34.41920654,,
4,0f8987ed-8959-48d0-a9d9-70d03e4dfaaa,1/25/19,ncos,,Joanna Tang,5,,9.15,98.8,621,0.3,19,Opaque,,1/26/19 18:13,joannatang@umail.ucsb.edu_ucsb,1/26/19 18:13,joannatang@umail.ucsb.edu_ucsb,-119.8828994,34.42553818,,
5,5d247954-5bee-4b93-a00b-2bfaecfbe5cc,1/25/19,ncos,,Joanna Tang,4,,8.84,94.7,640,0.4,18.6,Opaque ,,1/26/19 18:13,joannatang@umail.ucsb.edu_ucsb,1/26/19 18:13,joannatang@umail.ucsb.edu_ucsb,-119.883325,34.4253232,,
6,e8115281-bb16-45e3-af84-338dbc1fb839,1/25/19,ncos,,Joanna Tang,3,,9.51,104.4,241.8,0.1,19.8,Opaque,,1/26/19 18:13,joannatang@umail.ucsb.edu_ucsb,1/26/19 18:13,joannatang@umail.ucsb.edu_ucsb,-119.8818181,34.4237845,,
7,b74e1729-0a7d-4b9f-b11d-c9cd612fb1bb,1/25/19,ncos,,Joanna Tang,2,,9.03,95.1,335.7,0.2,17.8,Opaque,,1/26/19 18:13,joannatang@umail.ucsb.edu_ucsb,1/26/19 18:13,joannatang@umail.ucsb.edu_ucsb,-119.8796078,34.41916932,,
8,e6a0b2da-7654-4e1a-b7e5-9e4e97b0ead8,1/25/19,ncos,,Joanna Tang,1,,8.49,88.8,306.1,0.2,17.5,Opaque,,1/26/19 18:13,joannatang@umail.ucsb.edu_ucsb,1/26/19 18:13,joannatang@umail.ucsb.edu_ucsb,-119.8793773,34.41875651,,
9,3c8531ed-cee0-4912-8a03-93dd69267d12,1/18/19,south_parcel,,Joanna Tang,8,,,,290.8,0.2,20.3,measurement taken in the afternoon; DO sensor broken,,1/31/19 18:08,joannatang@umail.ucsb.edu_ucsb,1/31/19 18:08,joannatang@umail.ucsb.edu_ucsb,0,0,,
10,ae43c607-ac76-4ad7-8f79-a862b6810b35,1/19/19,south_parcel,,Joanna Tang,7,,,,378.7,0.2,17.7,measurements taken in the afternoon; DO sensor broken,,1/31/19 18:09,joannatang@umail.ucsb.edu_ucsb,1/31/19 18:09,joannatang@umail.ucsb.edu_ucsb,0,0,,
11,1a5b92ef-0d6c-47cf-8b54-ac5da6731311,1/19/19,south_parcel,,Joanna Tang,6,,,,144,0.1,20.2,measurements taken in the afternoon; DO sensor broken,,1/31/19 18:10,joannatang@umail.ucsb.edu_ucsb,1/31/19 18:10,joannatang@umail.ucsb.edu_ucsb,0,0,,
12,657a5bcb-c06d-414f-85b2-67ef4d414559,1/19/19,south_parcel,,Joanna Tang,4,,,,222.7,0.1,18.8,measurements taken in the afternoon; DO sensor broken,,1/31/19 18:11,joannatang@umail.ucsb.edu_ucsb,1/31/19 18:11,joannatang@umail.ucsb.edu_ucsb,0,0,,
13,d7d3adc8-e54c-4deb-8fe4-aefcc1270288,1/19/19,south_parcel,,Joanna Tang,5,,,,172.1,0.1,21,measurements taken in the afternoon; DO sensor broken,,1/31/19 18:11,joannatang@umail.ucsb.edu_ucsb,1/31/19 18:11,joannatang@umail.ucsb.edu_ucsb,0,0,,
14,c449e9b1-53b5-47be-8231-19d33df26946,1/19/19,south_parcel,,Joanna Tang,3,,,,152.7,0.1,20.8,measurements taken in the afternoon; DO sensor broken,,1/31/19 18:13,joannatang@umail.ucsb.edu_ucsb,1/31/19 18:13,joannatang@umail.ucsb.edu_ucsb,0,0,,
15,5d215d67-c4e3-4e73-8570-9fdfa5d37556,1/19/19,south_parcel,,Joanna Tang,2,,,,266.1,0.1,19.5,measurements taken in the afternoon; DO sensor broken,,1/31/19 18:13,joannatang@umail.ucsb.edu_ucsb,1/31/19 18:13,joannatang@umail.ucsb.edu_ucsb,0,0,,
16,1c878b18-01d5-49da-89d4-85f77c2a4b71,1/19/19,south_parcel,,Joanna Tang,1,,,,362,0.2,18.1,measurements taken in the afternoon; DO sensor broken,,1/31/19 18:14,joannatang@umail.ucsb.edu_ucsb,1/31/19 18:14,joannatang@umail.ucsb.edu_ucsb,0,0,,
17,691e3422-43e0-4793-894b-b721cde0bb29,1/19/19,south_parcel,,Joanna Tang,SWW 1,,,,251.8,0.2,18.1,measurements taken in the afternoon; DO sensor broken,,1/31/19 18:14,joannatang@umail.ucsb.edu_ucsb,1/31/19 18:14,joannatang@umail.ucsb.edu_ucsb,0,0,,
18,8ed89aee-fe79-4066-8506-f05c3851cd90,1/26/19,south_parcel,,Joanna Tang,7,,3.89,44,343.8,0.2,21.4,opaque; measurements taken in afternoon,,1/31/19 18:17,joannatang@umail.ucsb.edu_ucsb,1/31/19 18:17,joannatang@umail.ucsb.edu_ucsb,0,0,,
19,0c35aba7-9b65-4362-84ba-cab3c9b83cbe,1/26/19,south_parcel,,Joanna Tang,8,,3.89,44,343.8,0.2,21.4,opaque; measurements taken in afternoon,,1/31/19 18:19,joannatang@umail.ucsb.edu_ucsb,1/31/19 18:19,joannatang@umail.ucsb.edu_ucsb,0,0,,
20,dee3ee22-0e7b-49ba-84b5-5623c9c100a0,1/26/19,south_parcel,,Joanna Tang,7,,3.59,37.2,402.1,0.2,17.1,opaque; measurements taken in afternoon,,1/31/19 18:19,joannatang@umail.ucsb.edu_ucsb,1/31/19 18:19,joannatang@umail.ucsb.edu_ucsb,0,0,,
21,454e4937-5b20-4625-8a0f-cdeb1d856547,1/26/19,south_parcel,,Joanna Tang,9,,10.7,118.8,304.3,0.2,23.6,not opaque; measurements taken in afternoon,,1/31/19 18:20,joannatang@umail.ucsb.edu_ucsb,1/31/19 18:20,joannatang@umail.ucsb.edu_ucsb,0,0,,
22,a9d9d751-2194-40b0-8fbd-63150a72bcb9,1/26/19,south_parcel,,Joanna Tang,6,,8.97,101.2,163.5,0.1,21.3,opaque; measurements taken in afternoon,,1/31/19 18:21,joannatang@umail.ucsb.edu_ucsb,1/31/19 18:21,joannatang@umail.ucsb.edu_ucsb,0,0,,
23,e3a3fe89-fcaf-44ef-8b97-bece48a7aa61,1/26/19,south_parcel,,Joanna Tang,4,,9.34,106.1,208,0.1,21.7,opaque; measurements taken in afternoon,,1/31/19 18:22,joannatang@umail.ucsb.edu_ucsb,1/31/19 18:22,joannatang@umail.ucsb.edu_ucsb,0,0,,
24,2d7ecccd-5948-47ba-8bc5-ab4ac882b2a7,1/26/19,south_parcel,,Joanna Tang,5,,6.67,72.2,273.3,0.1,19.1,opaque; measurements taken in afternoon,,1/31/19 18:22,joannatang@umail.ucsb.edu_ucsb,1/31/19 18:22,joannatang@umail.ucsb.edu_ucsb,0,0,,
25,5e824dea-c6cf-4685-89fe-659d19dd0131,1/26/19,south_parcel,,Joanna Tang,2,,7.6,84.7,319.2,0.2,20.6,opaque; measurements taken in afternoon,,1/31/19 18:23,joannatang@umail.ucsb.edu_ucsb,1/31/19 18:23,joannatang@umail.ucsb.edu_ucsb,0,0,,
26,9b16cae5-e85d-4307-8bba-ca80026d0068,1/26/19,south_parcel,,Joanna Tang,1,,7.14,80.8,214.4,0.1,21.5,opaque; measurements taken in afternoon,,1/31/19 18:24,joannatang@umail.ucsb.edu_ucsb,1/31/19 18:24,joannatang@umail.ucsb.edu_ucsb,0,0,,
27,cf7d4722-b31f-4ef9-807d-34e7e395aa5e,1/26/19,south_parcel,,Joanna Tang,3,,8.18,85.1,387.5,0.2,17.2,opaque; measurements taken in afternoon,,1/31/19 18:25,joannatang@umail.ucsb.edu_ucsb,1/31/19 18:25,joannatang@umail.ucsb.edu_ucsb,0,0,,
28,a6e86538-d0d3-4839-8741-ebd374bcd1cd,1/24/19,copr,,Joanna Tang,Ferren's Folly,,6.54,58,85.9,0.1,10,measurements taken in the morning; not opaque,,1/31/19 19:23,joannatang@umail.ucsb.edu_ucsb,5/22/19 3:55,joannatang@umail.ucsb.edu_ucsb,0,0,,
29,92d9af92-f893-4108-8bb4-b911360b5236,1/21/19,manzanita_village,,Joanna Tang,San Miguel,,,,179.2,0.1,19.4,not opaque; measurements taken in the morning; DO sensor broken,,1/31/19 19:33,joannatang@umail.ucsb.edu_ucsb,1/31/19 19:33,joannatang@umail.ucsb.edu_ucsb,0,0,,
30,4b4bab12-82c8-4b4f-8130-9d7034f19fc2,1/21/19,manzanita_village,,Joanna Tang,Santa Rosa,,,,172.2,0.1,19.5,not opaque; measurements taken in the morning; DO sensor broken,,1/31/19 19:38,joannatang@umail.ucsb.edu_ucsb,1/31/19 19:38,joannatang@umail.ucsb.edu_ucsb,0,0,,
31,387a940d-2076-4ad7-813c-93ca3baaf4ad,1/21/19,manzanita_village,,Joanna Tang,Santa Cruz,,,,222.2,0.1,19.7,not opaque; measurements taken in the morning; DO sensor broken,,1/31/19 19:38,joannatang@umail.ucsb.edu_ucsb,1/31/19 19:38,joannatang@umail.ucsb.edu_ucsb,0,0,,
32,67a577ad-e55c-40bf-85cf-c6685b7cf16d,1/21/19,manzanita_village,,Joanna Tang,Santa Barbara,,,,283.3,0.2,19.5,not opaque; measurements taken in the morning; DO sensor broken,,1/31/19 19:39,joannatang@umail.ucsb.edu_ucsb,1/31/19 19:39,joannatang@umail.ucsb.edu_ucsb,0,0,,
33,5942f352-ef15-45a9-8d7d-e38c83854ebf,1/21/19,manzanita_village,,Joanna Tang,Santa Catalina,,,,162.3,0.1,19.3,not opaque; measurements taken in the morning; DO sensor broken,,1/31/19 19:40,joannatang@umail.ucsb.edu_ucsb,1/31/19 19:40,joannatang@umail.ucsb.edu_ucsb,0,0,,
34,330be64c-a629-4b53-8fc9-5cc582aa38f6,1/23/19,manzanita_village,,Joanna Tang,San Miguel,,8.97,96.8,207.1,0.1,19,measurements taken in the afternoon,,1/31/19 23:18,joannatang@umail.ucsb.edu_ucsb,1/31/19 23:18,joannatang@umail.ucsb.edu_ucsb,0,0,,
35,645aec58-48cc-4e64-8752-d3986a1ed7b2,1/23/19,manzanita_village,,Joanna Tang,Santa Rosa,,9.79,107,231.2,0.1,19.6,measurements taken in the afternoon,,1/31/19 23:19,joannatang@umail.ucsb.edu_ucsb,1/31/19 23:19,joannatang@umail.ucsb.edu_ucsb,0,0,,
36,93d8631c-815c-4940-8f83-5537e8227767,1/23/19,manzanita_village,,Joanna Tang,Santa Cruz,,9.49,104.7,257.9,0.1,20.1,measurements taken in the afternoon,,1/31/19 23:19,joannatang@umail.ucsb.edu_ucsb,1/31/19 23:19,joannatang@umail.ucsb.edu_ucsb,0,0,,
37,2d1f2715-ff20-4770-81e3-b8e20096ca64,1/23/19,manzanita_village,,Joanna Tang,Santa Barbara,,11.69,126.9,294,0.2,19.3,measurements taken in the afternoon,,1/31/19 23:20,joannatang@umail.ucsb.edu_ucsb,1/31/19 23:20,joannatang@umail.ucsb.edu_ucsb,0,0,,
38,3b38e515-10e6-420c-8b6e-043ad3ec5d19,1/23/19,manzanita_village,,Joanna Tang,Santa Catalina,,12,127.5,170.2,0.1,18.2,measurements taken in the afternoon,,1/31/19 23:21,joannatang@umail.ucsb.edu_ucsb,1/31/19 23:21,joannatang@umail.ucsb.edu_ucsb,0,0,,
39,468e5b4c-405e-48aa-8471-5404c7cf9ad8,1/18/19,west_campus,,Joanna Tang,1,,,,36.7,0.1,15,measurements taken in the morning; DO sensor broken,,2/1/19 1:45,joannatang@umail.ucsb.edu_ucsb,2/1/19 1:45,joannatang@umail.ucsb.edu_ucsb,0,0,,
40,dfac12b6-60a5-4e94-85b6-daefcf7f278c,1/18/19,west_campus,,Joanna Tang,1,9.5,,,0.1,0,15,measurements taken in the morning; DO sensor broken,,2/1/19 1:47,joannatang@umail.ucsb.edu_ucsb,2/1/19 1:47,joannatang@umail.ucsb.edu_ucsb,0,0,,
41,18649ea6-d220-4814-8e9d-622057b6a6d3,1/18/19,west_campus,,Joanna Tang,2,6,,,73.6,0,14.8,measurements taken in the morning; DO sensor broken,,2/1/19 1:50,joannatang@umail.ucsb.edu_ucsb,2/1/19 1:50,joannatang@umail.ucsb.edu_ucsb,0,0,,
42,6ad14aca-8001-4fb1-8260-0e9ceb97c84c,1/18/19,west_campus,,Joanna Tang,4,10,,,148.5,0.1,14.7,measurements taken in the morning; DO sensor broken,,2/1/19 1:53,joannatang@umail.ucsb.edu_ucsb,2/1/19 1:53,joannatang@umail.ucsb.edu_ucsb,0,0,,
43,6c77a79a-1ddb-4102-8311-8372e62bedca,1/18/19,west_campus,,Joanna Tang,5,7,,,65.2,0,14.6,measurements taken in the morning; DO sensor broken,,2/1/19 1:55,joannatang@umail.ucsb.edu_ucsb,2/1/19 1:55,joannatang@umail.ucsb.edu_ucsb,0,0,,
44,d68d9e19-d980-466a-8eb8-1dd796edd6d9,1/18/19,west_campus,,Joanna Tang,6,13,,,148.4,0.1,14.8,measurements taken in the morning; DO sensor broken,,2/1/19 1:56,joannatang@umail.ucsb.edu_ucsb,2/1/19 1:56,joannatang@umail.ucsb.edu_ucsb,0,0,,
45,bf51f6fb-cf6a-4b5b-8fbf-6c968284e2b5,1/18/19,west_campus,,Joanna Tang,7,2.5,,,123.2,0.1,14.9,measurements taken in the morning; DO sensor broken,,2/1/19 1:58,joannatang@umail.ucsb.edu_ucsb,2/1/19 1:58,joannatang@umail.ucsb.edu_ucsb,0,0,,
46,c3939298-418b-42ed-8da4-0a9eb2e1a628,1/18/19,west_campus,,Joanna Tang,8,8,,,194,0.1,14.7,measurements taken in the morning; DO sensor broken,,2/1/19 2:00,joannatang@umail.ucsb.edu_ucsb,2/1/19 2:00,joannatang@umail.ucsb.edu_ucsb,0,0,,
47,63878d39-c94b-4633-8489-2a2479b7b2d3,1/18/19,west_campus,,Joanna Tang,9,8,,,295.9,0.2,14.9,measurements taken in the morning; DO sensor broken,,2/1/19 2:01,joannatang@umail.ucsb.edu_ucsb,2/1/19 2:01,joannatang@umail.ucsb.edu_ucsb,0,0,,
48,023f6570-47a8-4829-8aaf-2339bca83c91,1/18/19,west_campus,,Joanna Tang,10,8.75,,,262.2,0.2,14.7,measurements taken in the morning; DO sensor broken,,2/1/19 2:02,joannatang@umail.ucsb.edu_ucsb,2/1/19 2:02,joannatang@umail.ucsb.edu_ucsb,0,0,,
49,d16b7b3b-8ba3-4c6b-8844-85428fb0c9ca,1/18/19,west_campus,,Joanna Tang,11,7,,,135.5,0.1,15,measurements taken in the morning; DO sensor broken,,2/1/19 2:04,joannatang@umail.ucsb.edu_ucsb,2/1/19 2:04,joannatang@umail.ucsb.edu_ucsb,0,0,,
50,4775440e-e83d-4bf7-879c-aa80c76f31e2,1/18/19,west_campus,,Joanna Tang,13,8,,,130.9,0.1,15,measurements taken in the morning; DO sensor broken,,2/1/19 2:05,joannatang@umail.ucsb.edu_ucsb,2/1/19 2:05,joannatang@umail.ucsb.edu_ucsb,0,0,,
51,fb4ba881-62bd-4ffb-8bd2-95214720ae2b,1/18/19,ellwood_mesa,,Joanna Tang,1,13,,,176.9,0.1,14.7,measurements taken in the morning; DO sensor broken,,2/1/19 3:29,joannatang@umail.ucsb.edu_ucsb,2/1/19 3:29,joannatang@umail.ucsb.edu_ucsb,0,0,,
52,15ba8b94-527e-4522-890f-095f8800ee3a,1/18/19,ellwood_mesa,,Joanna Tang,2,4.5,,,145,0.1,14.9,measurements taken in the morning; DO sensor broken,,2/1/19 3:30,joannatang@umail.ucsb.edu_ucsb,2/1/19 3:30,joannatang@umail.ucsb.edu_ucsb,0,0,,
53,cabac81b-dfb1-4d4c-8d73-6b02fc0caaf5,1/18/19,ellwood_mesa,,Joanna Tang,3,4.5,,,119.5,0.1,15.3,measurements taken in the morning; DO sensor broken,,2/1/19 3:31,joannatang@umail.ucsb.edu_ucsb,2/1/19 3:31,joannatang@umail.ucsb.edu_ucsb,0,0,,
54,8c82921d-d42d-4870-868c-1700fb74a243,1/18/19,ellwood_mesa,,Joanna Tang,4,4.5,,,102.5,0.1,15.3,measurements taken in the morning; DO sensor broken,,2/1/19 3:33,joannatang@umail.ucsb.edu_ucsb,2/1/19 3:33,joannatang@umail.ucsb.edu_ucsb,0,0,,
55,d3af13f3-8d5a-493e-83f4-665759c9734e,1/18/19,ellwood_mesa,,Joanna Tang,5,17,,,81.1,0,15.2,measurements taken in the morning; DO sensor broken,,2/1/19 3:34,joannatang@umail.ucsb.edu_ucsb,2/1/19 3:34,joannatang@umail.ucsb.edu_ucsb,0,0,,
56,173d8bff-7142-4826-8c2f-dbfe401b9809,1/18/19,ellwood_mesa,,Joanna Tang,6,5,,,95.9,0.1,15.3,measurements taken in the morning; DO sensor broken,,2/1/19 3:35,joannatang@umail.ucsb.edu_ucsb,2/1/19 3:35,joannatang@umail.ucsb.edu_ucsb,0,0,,
57,2621a9fd-6363-4e50-92ff-03ddd4a96e92,2/7/19,ellwood_mesa,,Joanna Tang,Created pool by trees,16,4.02,37.6,159.5,0.1,12.4,Opaque,,2/7/19 19:29,joannatang@umail.ucsb.edu_ucsb,2/7/19 19:29,joannatang@umail.ucsb.edu_ucsb,-119.8884635,34.42235444,,
58,d0d71d18-8c14-4ef6-ab42-8f2cc6bdc6a4,2/7/19,ellwood_mesa,,Joanna Tang,6,2.75,8.33,77.9,74.7,0,12.4,Not opaque,,2/7/19 19:29,joannatang@umail.ucsb.edu_ucsb,2/7/19 19:29,joannatang@umail.ucsb.edu_ucsb,-119.88896,34.42003312,,
59,a35c9a16-375c-4445-b4ff-a87c5e5ff598,2/7/19,ellwood_mesa,,Joanna Tang,5,3,6.32,56.9,77,0.1,10.6,Not opaque,,2/7/19 19:29,joannatang@umail.ucsb.edu_ucsb,2/7/19 19:29,joannatang@umail.ucsb.edu_ucsb,-119.8887396,34.41992481,,
60,77f7d213-1441-4f73-bc63-adee37a9cfbf,2/7/19,ellwood_mesa,,Joanna Tang,4,3.25,7.01,63.6,143,0.1,11,Not opaque,,2/7/19 19:29,joannatang@umail.ucsb.edu_ucsb,2/7/19 19:29,joannatang@umail.ucsb.edu_ucsb,-119.8879182,34.41921844,,
61,20cbefe8-e423-4ad2-ae7c-5db556e81f71,2/7/19,ellwood_mesa,,Joanna Tang,3,4,6.58,57.8,81.9,0.1,9.6,Not opaque,,2/7/19 19:29,joannatang@umail.ucsb.edu_ucsb,2/7/19 19:29,joannatang@umail.ucsb.edu_ucsb,-119.8874826,34.41870488,,
62,f953673f-e8d5-4652-af36-724bde7a2b99,2/7/19,ellwood_mesa,,Joanna Tang,2,3.5,4.88,43,99.9,0.1,9.7,Not opaque,,2/7/19 19:29,joannatang@umail.ucsb.edu_ucsb,2/7/19 19:29,joannatang@umail.ucsb.edu_ucsb,-119.8848998,34.41650442,,
63,cea67848-435f-4140-bcd7-929298e5ad87,2/7/19,ellwood_mesa,,Joanna Tang,1,9,4.98,39.9,136,0.1,5.8,Slightly opaque,,2/7/19 19:29,joannatang@umail.ucsb.edu_ucsb,2/7/19 19:29,joannatang@umail.ucsb.edu_ucsb,-119.8849962,34.41638025,,
64,e9e3a344-1f7d-4dce-a42e-73e93ce1977c,2/15/19,more_mesa,,Joanna Tang,Main pool,15.75,4.62,44.2,113.9,0.1,13.3,Not opaque ,,2/16/19 3:07,joannatang@umail.ucsb.edu_ucsb,2/16/19 3:07,joannatang@umail.ucsb.edu_ucsb,-119.7871771,34.41745798,,
65,33f03787-654b-4151-8f52-45882f785a9e,1/19/19,ncos,,Joanna Tang,9,7,,,526,0.3,19.5,Opaque,re-entered from Hydro + YSI survey,5/21/19 15:21,joannatang@umail.ucsb.edu_ucsb,5/21/19 15:42,joannatang@umail.ucsb.edu_ucsb,0,0,,
66,8d61d3dc-9f72-41b7-899e-bb26c3e1ed93,1/19/19,ncos,,Joanna Tang,8,14.5,,,484,0.3,19,Opaque,re-entered from Hydro + YSI survey,5/21/19 15:25,joannatang@umail.ucsb.edu_ucsb,5/21/19 15:25,joannatang@umail.ucsb.edu_ucsb,0,0,,
67,9c9aa829-4461-4173-84f1-5542164122d3,1/19/19,ncos,,Joanna Tang,7,16,,,489,0.3,19.3,Opaque,re-entered from Hydro + YSI survey,5/21/19 15:26,joannatang@umail.ucsb.edu_ucsb,5/21/19 15:26,joannatang@umail.ucsb.edu_ucsb,0,0,,
68,b2d05686-0d65-4f5c-8474-04dc6a1bbb7b,1/19/19,ncos,,Joanna Tang,6,13,,,531,0.3,19.3,Cannot see gauge,re-entered from Hydro + YSI survey,5/21/19 15:27,joannatang@umail.ucsb.edu_ucsb,5/21/19 15:27,joannatang@umail.ucsb.edu_ucsb,0,0,,
69,d9e7513b-3174-46cb-8c1d-09ba6dd1f85a,1/19/19,ncos,,Joanna Tang,5,16.75,,,568,0.3,19,Opaque,re-entered from Hydro + YSI survey,5/21/19 15:28,joannatang@umail.ucsb.edu_ucsb,5/21/19 15:28,joannatang@umail.ucsb.edu_ucsb,0,0,,
70,abe1c9dd-7935-4f54-8c66-a2336ee45716,1/19/19,ncos,,Joanna Tang,4,16.5,,,599,0.3,18.9,Opaque,re-entered from Hydro + YSI survey,5/21/19 15:31,joannatang@umail.ucsb.edu_ucsb,5/21/19 15:31,joannatang@umail.ucsb.edu_ucsb,0,0,,
71,73159de2-eccc-47f0-8b88-1f21e5a0397a,1/19/19,ncos,,Joanna Tang,1,18,,,263.8,0.1,17.6,Opaque,Cannot see gauge; re-entered from Hydro + YSI survey,5/21/19 15:33,joannatang@umail.ucsb.edu_ucsb,5/21/19 15:33,joannatang@umail.ucsb.edu_ucsb,0,0,,
72,b230f65c-36bd-437d-8c12-4fd5f3efc8c5,1/19/19,ncos,,Joanna Tang,2,18,,,305.1,0.2,18.5,Opaque,Cannot see gauge; re-entered from Hydro + YSI survey,5/21/19 15:34,joannatang@umail.ucsb.edu_ucsb,5/21/19 15:34,joannatang@umail.ucsb.edu_ucsb,0,0,,
73,a2993b34-4b32-4943-868b-f5eed9a173ff,1/19/19,sierra_madre,,Joanna Tang,Center pool,18,,,203.4,0.1,20.8,,re-entered from Hydro + YSI survey,5/21/19 15:35,joannatang@umail.ucsb.edu_ucsb,5/21/19 15:35,joannatang@umail.ucsb.edu_ucsb,0,0,,
74,37e24555-163f-4372-8cb6-4c0875baf9d3,1/19/19,storke_ranch,,Kelly Hildner,Main,18.5,,,443.9,0.2,22.1,,re-entered from Hydro + YSI survey,5/21/19 15:37,joannatang@umail.ucsb.edu_ucsb,5/21/19 15:37,joannatang@umail.ucsb.edu_ucsb,0,0,,
75,3f421a7e-f1ae-4e4c-8f3a-a05399a277c9,1/19/19,storke_ranch,,Kelly Hildner,North,12.5,,,282.7,0.2,17.9,,re-entered from Hydro + YSI survey,5/21/19 15:38,joannatang@umail.ucsb.edu_ucsb,5/21/19 15:38,joannatang@umail.ucsb.edu_ucsb,0,0,,
76,bc4b7234-4edd-489c-800d-101d6ef691f3,1/19/19,storke_ranch,,Kelly Hildner,2007,11.75,,,618,0.4,17.4,,re-entered from Hydro + YSI survey,5/21/19 15:40,joannatang@umail.ucsb.edu_ucsb,5/21/19 15:42,joannatang@umail.ucsb.edu_ucsb,0,0,,
77,cd0a549f-597e-4f56-8c70-051575ef66f4,1/19/19,storke_ranch,,Kelly Hildner,South,11.5,,,255.3,0.1,15.9,,re-entered from Hydro + YSI survey,5/21/19 15:41,joannatang@umail.ucsb.edu_ucsb,5/21/19 15:41,joannatang@umail.ucsb.edu_ucsb,0,0,,
78,a2f149d3-a685-43dd-8fa3-16edaaa56aeb,1/19/19,storke_ranch,,Kelly Hildner,2017,12.5,,,223.9,0.1,18.2,,re-entered from Hydro + YSI survey,5/21/19 15:43,joannatang@umail.ucsb.edu_ucsb,5/21/19 15:43,joannatang@umail.ucsb.edu_ucsb,0,0,,
79,61d7906b-2e68-48f8-82ef-cc5bd7eefa01,1/19/19,storke_ranch,,Joanna Tang,East,8.5,,,232.7,0.1,22,,re-entered from Hydro + YSI survey,5/21/19 15:44,joannatang@umail.ucsb.edu_ucsb,5/21/19 15:44,joannatang@umail.ucsb.edu_ucsb,0,0,,
80,34b9b69d-a3c1-4abd-8f8f-0017c9d198d6,1/19/19,ncos,,Joanna Tang,3,12.5,,,199.5,0.1,18.4,Opaque,re-entered from Hydro + YSI survey,5/21/19 15:45,joannatang@umail.ucsb.edu_ucsb,5/21/19 15:45,joannatang@umail.ucsb.edu_ucsb,0,0,,
81,5f3c2f5a-dad3-4482-832f-99d1f4096751,1/21/19,delsol_caminocorto,,Joanna Tang,5,6,,,76.5,0,19.5,Not opaque,surveyed in afternoon; re-entered from Hydro + YSI survey,5/21/19 15:47,joannatang@umail.ucsb.edu_ucsb,5/21/19 15:48,joannatang@umail.ucsb.edu_ucsb,0,0,,
82,79d33ee5-e73e-460f-8d1f-0ce59a686804,1/21/19,delsol_caminocorto,,Joanna Tang,4,6,,,76.5,0,19.5,Not opaque,surveyed in afternoon; re-entered from Hydro + YSI survey,5/21/19 15:49,joannatang@umail.ucsb.edu_ucsb,5/21/19 15:49,joannatang@umail.ucsb.edu_ucsb,0,0,,
83,d8b6094b-e02b-4b61-8257-d466543c7677,1/21/19,delsol_caminocorto,,Joanna Tang,3,7,,,75.8,0,19.5,Not opaque,surveyed in afternoon; re-entered from Hydro + YSI survey,5/21/19 15:49,joannatang@umail.ucsb.edu_ucsb,5/21/19 15:49,joannatang@umail.ucsb.edu_ucsb,0,0,,
84,ed0b9e17-fb9d-443e-848c-f45cfeda2716,1/21/19,delsol_caminocorto,,Joanna Tang,8,3,,,88,0,20,Not opaque,surveyed in afternoon; re-entered from Hydro + YSI survey,5/21/19 15:51,joannatang@umail.ucsb.edu_ucsb,5/21/19 15:51,joannatang@umail.ucsb.edu_ucsb,0,0,,
85,3bcd2bfe-782b-444f-8ae4-e8056432e42c,1/21/19,delsol_caminocorto,,Joanna Tang,7,8.5,,,71.4,0,18.5,Not opaque,surveyed in afternoon; re-entered from Hydro + YSI survey,5/21/19 15:52,joannatang@umail.ucsb.edu_ucsb,5/21/19 15:52,joannatang@umail.ucsb.edu_ucsb,0,0,,
86,91054f68-c167-4b7c-855d-df9166d7cd67,1/21/19,delsol_caminocorto,,Joanna Tang,2,10,,,80.2,0,18.5,Not opaque,surveyed in afternoon; re-entered from Hydro + YSI survey,5/21/19 15:53,joannatang@umail.ucsb.edu_ucsb,5/21/19 15:53,joannatang@umail.ucsb.edu_ucsb,0,0,,
87,9a1b14ff-53af-4196-84a9-bbddbf029a21,1/21/19,delsol_caminocorto,,Joanna Tang,6,8,,,92.1,0.1,18.9,Not opaque,surveyed in afternoon; re-entered from Hydro + YSI survey,5/21/19 15:54,joannatang@umail.ucsb.edu_ucsb,5/21/19 15:54,joannatang@umail.ucsb.edu_ucsb,0,0,,
88,1e285c06-3434-42de-8aff-ec8135ad6bba,1/21/19,delsol_caminocorto,,Joanna Tang,U,7,,,68.6,0,19.2,Not opaque,surveyed in afternoon; re-entered from Hydro + YSI survey,5/21/19 15:55,joannatang@umail.ucsb.edu_ucsb,5/21/19 15:55,joannatang@umail.ucsb.edu_ucsb,0,0,,
89,ea4b8c0f-fa38-403e-8f09-7433676772ac,1/21/19,delsol_caminocorto,,Joanna Tang,W,11,,,141.9,0.1,17.4,Not opaque,surveyed in afternoon; re-entered from Hydro + YSI survey,5/21/19 15:56,joannatang@umail.ucsb.edu_ucsb,5/21/19 15:56,joannatang@umail.ucsb.edu_ucsb,0,0,,
90,2a9267a0-e844-4075-809b-080245b8846b,1/21/19,delsol_caminocorto,,Joanna Tang,T,2.5,,,122.5,0,20.6,Not opaque,surveyed in afternoon; re-entered from Hydro + YSI survey,5/21/19 15:57,joannatang@umail.ucsb.edu_ucsb,5/21/19 15:57,joannatang@umail.ucsb.edu_ucsb,0,0,,
91,baaae4a7-82d0-4a93-84ca-20f93a42092a,1/21/19,delsol_caminocorto,,Joanna Tang,G,7.5,,,168,0.1,18,Green scum,surveyed in afternoon; re-entered from Hydro + YSI survey,5/21/19 15:57,joannatang@umail.ucsb.edu_ucsb,5/21/19 15:57,joannatang@umail.ucsb.edu_ucsb,0,0,,
92,20cf415c-3e45-465a-80f5-527b761f145c,1/21/19,delsol_caminocorto,,Joanna Tang,M,8.5,,,76.2,0,18.3,Not opaque,surveyed in afternoon; re-entered from Hydro + YSI survey,5/21/19 15:58,joannatang@umail.ucsb.edu_ucsb,5/21/19 15:58,joannatang@umail.ucsb.edu_ucsb,0,0,,
93,cab59477-210c-440c-894c-58a9ff9ebeee,1/21/19,delsol_caminocorto,,Joanna Tang,H,6.5,,,144.6,0.1,17.6,Slightly opaque,surveyed in afternoon; re-entered from Hydro + YSI survey,5/21/19 15:59,joannatang@umail.ucsb.edu_ucsb,5/21/19 15:59,joannatang@umail.ucsb.edu_ucsb,0,0,,
94,762d9b2c-4af5-4ded-8121-c1111cb0294d,1/21/19,delsol_caminocorto,,Joanna Tang,S,3.5,,,185.5,0.1,20.1,Not opaque,surveyed in afternoon; re-entered from Hydro + YSI survey,5/21/19 16:00,joannatang@umail.ucsb.edu_ucsb,5/21/19 16:00,joannatang@umail.ucsb.edu_ucsb,0,0,,
95,df468013-521c-4283-8b00-a1b667cf684f,1/21/19,delsol_caminocorto,,Joanna Tang,F,6,,,133.2,0.1,18,Not opaque,surveyed in afternoon; re-entered from Hydro + YSI survey,5/21/19 16:00,joannatang@umail.ucsb.edu_ucsb,5/21/19 16:00,joannatang@umail.ucsb.edu_ucsb,0,0,,
96,0871f250-6f3d-4996-8909-eab49e415f1d,1/21/19,delsol_caminocorto,,Joanna Tang,E,7,,,142,0.1,20.2,Not opaque,surveyed in afternoon; re-entered from Hydro + YSI survey,5/21/19 16:01,joannatang@umail.ucsb.edu_ucsb,5/21/19 16:01,joannatang@umail.ucsb.edu_ucsb,0,0,,
97,e0716b8e-822e-44d4-881e-fceaae0b16d3,1/21/19,delsol_caminocorto,,Joanna Tang,V,4.5,,,172.1,0.1,19.5,Not opaque,surveyed in afternoon; re-entered from Hydro + YSI survey,5/21/19 16:02,joannatang@umail.ucsb.edu_ucsb,5/21/19 16:02,joannatang@umail.ucsb.edu_ucsb,0,0,,
98,b823af9b-8d8e-4044-86ac-9510a55822e2,1/19/19,delsol_caminocorto,,Joanna Tang,N,5,,,122.4,0.1,19.4,Not opaque,surveyed in afternoon; re-entered from Hydro + YSI survey,5/21/19 16:03,joannatang@umail.ucsb.edu_ucsb,5/21/19 16:03,joannatang@umail.ucsb.edu_ucsb,0,0,,
99,11e2e4b0-3d0d-488b-8a8a-96cf190d6e3c,1/23/19,north_parcel,,Catherine Reilly,16,16,,,289.5,0.2,10.2,Not opaque,surveyed in morning; re-entered from Hydro + YSI survey,5/21/19 16:04,joannatang@umail.ucsb.edu_ucsb,5/21/19 16:04,joannatang@umail.ucsb.edu_ucsb,0,0,,
100,d2fbaffe-b811-47e8-8d4a-32a5e7ef77b0,1/23/19,north_parcel,,Catherine Reilly,14,13.75,,,172.2,0.1,10.2,Opaque,surveyed in morning; re-entered from Hydro + YSI survey,5/21/19 16:05,joannatang@umail.ucsb.edu_ucsb,5/21/19 16:06,joannatang@umail.ucsb.edu_ucsb,0,0,,
101,4044e506-4516-4cd8-8985-433cf781a406,1/23/19,north_parcel,,Catherine Reilly,3,12.5,,,178.1,0.1,8.8,Opaque,surveyed in morning; re-entered from Hydro + YSI survey,5/21/19 16:06,joannatang@umail.ucsb.edu_ucsb,5/21/19 16:06,joannatang@umail.ucsb.edu_ucsb,0,0,,
102,7268f369-fce2-4e09-867e-586db8939270,1/23/19,north_parcel,,Joanna Tang,4,8,,,189.8,0.1,8.5,Slightly opaque,surveyed in morning; re-entered from Hydro + YSI survey,5/21/19 16:07,joannatang@umail.ucsb.edu_ucsb,5/21/19 16:07,joannatang@umail.ucsb.edu_ucsb,0,0,,
103,5db81fff-af30-4c24-806b-98caa55ae281,1/23/19,north_parcel,,Catherine Reilly,7,18,,,57.7,0,10.2,Slightly opaque,surveyed in morning; re-entered from Hydro + YSI survey,5/21/19 16:08,joannatang@umail.ucsb.edu_ucsb,5/21/19 16:08,joannatang@umail.ucsb.edu_ucsb,0,0,,
104,e9260d17-32dd-4ec5-8f22-c5cb16cea9c4,1/23/19,north_parcel,,Catherine Reilly,6,13,,,138.3,0.1,9.1,Opaque,surveyed in morning; re-entered from Hydro + YSI survey,5/21/19 16:09,joannatang@umail.ucsb.edu_ucsb,5/21/19 16:09,joannatang@umail.ucsb.edu_ucsb,0,0,,
105,4690e1af-a1da-4877-840a-d9016647d551,1/24/19,storke_ranch,,Joanna Tang,North,10.5,,,,,,,re-entered from Hydro + YSI survey,5/21/19 16:10,joannatang@umail.ucsb.edu_ucsb,5/21/19 16:10,joannatang@umail.ucsb.edu_ucsb,0,0,,
106,29d22901-c8c2-4802-82d5-2c8cadfdb99d,1/24/19,storke_ranch,,Joanna Tang,South,9.5,7.87,72.4,233,0.2,11.6,Not opaque, re-entered from Hydro + YSI survey,5/21/19 16:11,joannatang@umail.ucsb.edu_ucsb,5/21/19 16:11,joannatang@umail.ucsb.edu_ucsb,0,0,,
107,096d0220-4b70-4124-819b-d025b33a1bb1,1/24/19,storke_ranch,,Joanna Tang,Main,13,1.12,11.1,456,0.3,15,Not opaque,re-entered from Hydro & YSI survey,5/22/19 3:30,joannatang@umail.ucsb.edu_ucsb,5/22/19 3:30,joannatang@umail.ucsb.edu_ucsb,0,0,,
108,1d3f413f-926f-46a9-8a9f-c85db9a74c20,1/24/19,storke_ranch,,Joanna Tang,East,5.5,9.9,101.4,248.9,0.1,16.5,Not opaque,re-entered from Hydro + YSI survey,5/22/19 3:31,joannatang@umail.ucsb.edu_ucsb,5/22/19 3:31,joannatang@umail.ucsb.edu_ucsb,0,0,,
109,92f40ed3-1854-4762-8da5-f80cb3f24c3d,1/24/19,storke_ranch,,Joanna Tang,2007,9.75,6.17,60.8,851,0.5,14.5,Not opaque,re-entered from Hydro + YSI survey,5/22/19 3:33,joannatang@umail.ucsb.edu_ucsb,5/22/19 3:33,joannatang@umail.ucsb.edu_ucsb,0,0,,
110,60437726-e7c8-4d0d-880c-3b4cf523279f,1/24/19,sierra_madre,,Joanna Tang,Central pool,22,5.17,51.4,198.6,0.1,15.2,Slightly opaque,re-entered from Hydro + YSI survey,5/22/19 3:34,joannatang@umail.ucsb.edu_ucsb,5/22/19 3:34,joannatang@umail.ucsb.edu_ucsb,0,0,,
111,ab34ef90-9e90-488d-8ad9-04784d361a24,1/24/19,west_campus,,Joanna Tang,1,7.75,6.37,63.8,104.1,0.1,15.2,Slightly opaque,re-entered from Hydro + YSI survey,5/22/19 3:35,joannatang@umail.ucsb.edu_ucsb,5/22/19 3:35,joannatang@umail.ucsb.edu_ucsb,0,0,,
112,f9953a62-2928-4cfd-82e3-09fd5a4e4a96,1/25/19,west_campus,,Joanna Tang,2,5,9.11,90.8,49.3,0,15.2,Not opaque,re-entered from Hydro + YSI survey,5/22/19 3:39,joannatang@umail.ucsb.edu_ucsb,5/22/19 3:39,joannatang@umail.ucsb.edu_ucsb,0,0,,
113,ebb46693-23a0-4a84-828f-de8de6709d41,1/24/19,west_campus,,Joanna Tang,4,8.5,5.88,52.5,138.1,0.1,10.3,Not opaque,re-entered from Hydro + YSI survey,5/22/19 3:40,joannatang@umail.ucsb.edu_ucsb,5/22/19 3:40,joannatang@umail.ucsb.edu_ucsb,0,0,,
114,1c7aad52-c6f5-4ca2-884c-9866c3b13b1c,1/24/19,west_campus,,Joanna Tang,6,11.25,6.28,58.4,166.4,0.1,12.1,Opaque,re-entered from Hydro + YSI survey,5/22/19 3:42,joannatang@umail.ucsb.edu_ucsb,5/22/19 3:42,joannatang@umail.ucsb.edu_ucsb,0,0,,
115,2e101f7a-d887-4195-8d81-a1abc1cb91ab,1/24/19,west_campus,,Joanna Tang,11,5,6.57,61.6,182.9,0.1,12.4,Opaque,re-entered from Hydro + YSI survey,5/22/19 3:43,joannatang@umail.ucsb.edu_ucsb,5/22/19 3:43,joannatang@umail.ucsb.edu_ucsb,0,0,,
116,4cce6db4-bb00-435b-8a39-8bbc234224cd,1/24/19,west_campus,,Joanna Tang,9,6.5,2.07,19.1,373.6,0.2,11.7,Not opaque,re-entered from Hydro + YSI survey,5/22/19 3:45,joannatang@umail.ucsb.edu_ucsb,5/22/19 3:45,joannatang@umail.ucsb.edu_ucsb,0,0,,
117,d66984a1-4d21-4bf5-85c5-0283596d8d3c,1/24/19,west_campus,,Joanna Tang,9,6,3.86,35.6,284.2,0.2,11.6,Not opaque,re-entered from Hydro + YSI survey,5/22/19 3:46,joannatang@umail.ucsb.edu_ucsb,5/22/19 3:46,joannatang@umail.ucsb.edu_ucsb,0,0,,
118,927ae0c2-5418-4751-845e-5e033ae0be50,1/23/19,north_parcel,,Catherine Reilly,19,12.5,0.81,7.1,420.6,0.3,9.4,Not opaque,re-entered from Hydro + YSI survey,5/22/19 3:50,joannatang@umail.ucsb.edu_ucsb,5/22/19 3:50,joannatang@umail.ucsb.edu_ucsb,0,0,,
119,34e6d288-1860-4d23-872b-2f957b9bbf48,1/24/19,storke_ranch,,Joanna Tang,2017,10,12.49,117.9,201.7,0.1,12.7,Not opaque,re-entered from Hydro + YSI survey,5/22/19 3:52,joannatang@umail.ucsb.edu_ucsb,5/22/19 3:52,joannatang@umail.ucsb.edu_ucsb,0,0,,
120,1e4f0ecb-96bf-43bb-85c5-e255da46d004,1/21/19,copr,,Joanna Tang,Ferren's Folly,,6.54,58,85.9,0.1,10,Not opaque,re-entered from Hydro + YSI survey,5/22/19 3:54,joannatang@umail.ucsb.edu_ucsb,5/22/19 3:54,joannatang@umail.ucsb.edu_ucsb,0,0,,
121,b56e3c23-d0f3-4a19-8ec0-4c04f043d335,1/21/19,manzanita_village,,Joanna Tang,Santa Catalina,,,,162.3,0.1,19.3,Not opaque,measurements taken in the afternoon; re-entered from Hydro + YSI survey,5/22/19 3:56,joannatang@umail.ucsb.edu_ucsb,5/22/19 3:56,joannatang@umail.ucsb.edu_ucsb,0,0,,
122,07b8f337-50ee-4ba7-8d49-d9dd6dde54c4,1/21/19,manzanita_village,,Joanna Tang,Santa Barbara,,,,283.3,0.2,19.5,Not opaque,measurements taken in the afternoon; re-entered from Hydro + YSI survey,5/22/19 3:57,joannatang@umail.ucsb.edu_ucsb,5/22/19 3:57,joannatang@umail.ucsb.edu_ucsb,0,0,,
123,0e2f9a85-b6ff-4185-87b3-a2f16d8d2d07,1/21/19,manzanita_village,,Joanna Tang,Santa Cruz,,,,222.2,0.1,19.7,Not opaque,measurements taken in the afternoon; re-entered from Hydro + YSI survey,5/22/19 3:58,joannatang@umail.ucsb.edu_ucsb,5/22/19 3:58,joannatang@umail.ucsb.edu_ucsb,0,0,,
124,7936039f-cb86-4164-84a8-2b34f546677e,1/21/19,manzanita_village,,Joanna Tang,Santa Rosa,,,,172.2,0.1,19.5,Not opaque,measurements taken in the afternoon; re-entered from Hydro + YSI survey,5/22/19 3:59,joannatang@umail.ucsb.edu_ucsb,5/22/19 3:59,joannatang@umail.ucsb.edu_ucsb,0,0,,
125,665b0a70-3317-4b64-85ef-51802e1b3b7a,1/21/19,manzanita_village,,Joanna Tang,San Miguel,,,,179.2,0.1,19.4,Not opaque,measurements taken in the afternoon; re-entered from Hydro + YSI survey,5/22/19 4:00,joannatang@umail.ucsb.edu_ucsb,5/22/19 4:00,joannatang@umail.ucsb.edu_ucsb,0,0,,
126,3850b3ff-9b99-4920-845d-7b884ee176f9,1/26/19,north_parcel,,Catherine Reilly,9,13,8.22,85.2,674,0.4,17.1,Opaque,re-entered from Hydro + YSI survey,5/22/19 4:01,joannatang@umail.ucsb.edu_ucsb,5/22/19 4:01,joannatang@umail.ucsb.edu_ucsb,0,0,,
127,a426c292-04b2-4975-80bd-d82a8d6bc58d,1/26/19,north_parcel,,Catherine Reilly,19,12,8.07,81.4,563,0.3,15.7,,re-entered from Hydro + YSI survey,5/22/19 4:02,joannatang@umail.ucsb.edu_ucsb,5/22/19 4:02,joannatang@umail.ucsb.edu_ucsb,0,0,,
128,2446b302-6384-4ada-8993-376b19a4d506,1/26/19,north_parcel,,Catherine Reilly,16,15.5,5.7,59.8,288.4,0.2,17.7,,re-entered from Hydro + YSI survey,5/22/19 4:03,joannatang@umail.ucsb.edu_ucsb,5/22/19 4:03,joannatang@umail.ucsb.edu_ucsb,0,0,,
129,b6b6a5e5-c15b-43f0-869f-56b16da222ad,1/26/19,north_parcel,,Catherine Reilly,PH1,13,3.73,38.4,1156,0.7,16.6,Not opaque,re-entered from Hydro + YSI survey,5/22/19 4:04,joannatang@umail.ucsb.edu_ucsb,5/22/19 4:04,joannatang@umail.ucsb.edu_ucsb,0,0,,
130,52f4f03d-2439-4a99-80e7-330378f0bfc5,1/26/19,north_parcel,,Catherine Reilly,14,13,5.06,50.2,255.8,0.2,15.1,,re-entered from Hydro + YSI survey,5/22/19 4:05,joannatang@umail.ucsb.edu_ucsb,5/22/19 4:05,joannatang@umail.ucsb.edu_ucsb,0,0,,
131,cb3b41e3-9b3f-44ca-8e0a-3aabc89f81bb,1/26/19,north_parcel,,Joanna Tang,3,12,6.61,68.6,235.5,0.1,17.1,,re-entered from Hydro + YSI survey,5/22/19 4:05,joannatang@umail.ucsb.edu_ucsb,5/22/19 4:05,joannatang@umail.ucsb.edu_ucsb,0,0,,
132,cf825ee6-d2a8-4dbb-8622-651f9f78f6df,1/26/19,north_parcel,,Catherine Reilly,4,8,8.37,90.6,282.2,0.2,19.2,,re-entered from Hydro + YSI survey,5/22/19 4:06,joannatang@umail.ucsb.edu_ucsb,5/22/19 4:06,joannatang@umail.ucsb.edu_ucsb,0,0,,
133,ff6794a7-2ee8-4f61-8369-251e94737942,1/26/19,north_parcel,,Catherine Reilly,6,12,7.47,80,180.9,0.1,18.6,,re-entered from Hydro + YSI survey,5/22/19 4:07,joannatang@umail.ucsb.edu_ucsb,5/22/19 4:07,joannatang@umail.ucsb.edu_ucsb,0,0,,
134,5d1db956-0729-40f9-8412-107dd81efeeb,1/26/19,north_parcel,,Catherine Reilly,7,17.75,8.73,91.3,124.8,0.1,17.5,,re-entered from Hydro + YSI survey,5/22/19 4:08,joannatang@umail.ucsb.edu_ucsb,5/22/19 4:08,joannatang@umail.ucsb.edu_ucsb,0,0,,
135,e89e9471-7807-48b8-8077-aa33b4eb3ab1,1/26/19,delsol_caminocorto,,Joanna Tang,5,4.5,7.82,77.7,71.6,0,15.1,,re-entered from Hydro + YSI survey,5/22/19 4:08,joannatang@umail.ucsb.edu_ucsb,5/22/19 4:08,joannatang@umail.ucsb.edu_ucsb,0,0,,
136,7f6f5fb7-10e3-4010-8746-faa75d719e49,1/26/19,delsol_caminocorto,,Joanna Tang,4,4.25,8.92,90.1,79.5,0,15.9,,re-entered from Hydro + YSI survey,5/22/19 4:09,joannatang@umail.ucsb.edu_ucsb,5/22/19 4:09,joannatang@umail.ucsb.edu_ucsb,0,0,,
137,fd46c26b-8cf8-4206-8bd9-c9ecb202ecd3,1/26/19,delsol_caminocorto,,Joanna Tang,3,4.5,10.7,101.9,74.3,0,15.5,,re-entered from Hydro + YSI survey,5/22/19 4:10,joannatang@umail.ucsb.edu_ucsb,5/22/19 4:10,joannatang@umail.ucsb.edu_ucsb,0,0,,
138,6d78de8b-6054-46e7-8e3e-47fbc1c123ec,1/26/19,delsol_caminocorto,,Joanna Tang,7,7.25,5.91,58.6,71.8,0,14.9,,re-entered from Hydro + YSI survey,5/22/19 4:11,joannatang@umail.ucsb.edu_ucsb,5/22/19 4:11,joannatang@umail.ucsb.edu_ucsb,0,0,,
139,a2c685f0-78a7-4183-8df4-ef9b17968168,1/26/19,delsol_caminocorto,,Joanna Tang,2,9.5,7.13,69.7,80.9,0.1,14.3,,re-entered from Hydro + YSI survey,5/22/19 4:12,joannatang@umail.ucsb.edu_ucsb,5/22/19 4:12,joannatang@umail.ucsb.edu_ucsb,0,0,,
140,9cd823ed-424a-4601-8b69-e204fabce1fc,1/26/19,delsol_caminocorto,,Joanna Tang,6,7.25,7.58,71.8,94.1,0.1,12.9,,re-entered from Hydro + YSI survey,5/22/19 4:13,joannatang@umail.ucsb.edu_ucsb,5/22/19 4:13,joannatang@umail.ucsb.edu_ucsb,0,0,,
141,b4a70b17-8946-446b-8d37-582066eb34a9,1/26/19,delsol_caminocorto,,Joanna Tang,U,5.07,7.76,75.4,65.3,0,14,,re-entered from Hydro + YSI survey,5/22/19 4:13,joannatang@umail.ucsb.edu_ucsb,5/22/19 4:13,joannatang@umail.ucsb.edu_ucsb,0,0,,
142,985250ab-f471-45d2-830a-047e94060a61,1/26/19,delsol_caminocorto,,Joanna Tang,G,6,8.44,79.9,147.4,0.1,12.9,,re-entered from Hydro + YSI survey,5/22/19 4:14,joannatang@umail.ucsb.edu_ucsb,5/22/19 4:14,joannatang@umail.ucsb.edu_ucsb,0,0,,
143,45adfba9-ccef-4f5d-86e5-aed968da39df,1/26/19,delsol_caminocorto,,Joanna Tang,M,5.5,7.58,71.6,76.6,0,12.7,,re-entered from Hydro + YSI survey,5/22/19 4:15,joannatang@umail.ucsb.edu_ucsb,5/22/19 4:15,joannatang@umail.ucsb.edu_ucsb,0,0,,
144,0afcedee-7bbf-4bdd-8a0f-60b7140c68ce,1/26/19,delsol_caminocorto,,Joanna Tang,H,3,9.5,90.2,164.2,0.1,13,,re-entered from Hydro + YSI survey,5/22/19 4:16,joannatang@umail.ucsb.edu_ucsb,5/22/19 4:16,joannatang@umail.ucsb.edu_ucsb,0,0,,
145,dea1f365-dafb-4c03-8f33-b6255fce3c19,1/26/19,delsol_caminocorto,,Joanna Tang,S,1.25,11.01,111,165,0.1,15.8,,re-entered from Hydro + YSI survey,5/22/19 4:17,joannatang@umail.ucsb.edu_ucsb,5/22/19 4:17,joannatang@umail.ucsb.edu_ucsb,0,0,,
146,3efecd9c-d891-450f-8db3-594c4e2e3bd7,1/26/19,delsol_caminocorto,,Joanna Tang,F,4.75,7.15,66.7,157.3,0.1,12.2,,re-entered from Hydro + YSI survey,5/22/19 4:17,joannatang@umail.ucsb.edu_ucsb,5/22/19 4:17,joannatang@umail.ucsb.edu_ucsb,0,0,,
147,badb025e-3165-4dd1-8533-d6bfabeffe9d,1/26/19,delsol_caminocorto,,Joanna Tang,W,9.5,7.36,68.4,145.9,0.1,12,,re-entered from Hydro + YSI survey,5/22/19 4:18,joannatang@umail.ucsb.edu_ucsb,5/22/19 4:18,joannatang@umail.ucsb.edu_ucsb,0,0,,
148,2e321a16-d08f-403b-89d7-5c0e7f29d71f,1/26/19,delsol_caminocorto,,Joanna Tang,E,5.5,6.9,64.4,135.5,0.1,12.3,,re-entered from Hydro + YSI survey,5/22/19 4:19,joannatang@umail.ucsb.edu_ucsb,5/22/19 4:19,joannatang@umail.ucsb.edu_ucsb,0,0,,
149,2a81104f-a1fc-4fde-8999-3b5e773fad0f,1/26/19,delsol_caminocorto,,Joanna Tang,V,3.25,9.37,87.2,189.7,0.1,12.1,,re-entered from Hydro + YSI survey,5/22/19 4:19,joannatang@umail.ucsb.edu_ucsb,5/22/19 4:19,joannatang@umail.ucsb.edu_ucsb,0,0,,
150,bb8d4c3a-d20d-4b5a-84de-c25e153927a5,1/26/19,delsol_caminocorto,,Joanna Tang,N,4,10.46,97.9,177.2,0.1,12.4,,re-entered from Hydro + YSI survey,5/22/19 4:20,joannatang@umail.ucsb.edu_ucsb,5/22/19 4:20,joannatang@umail.ucsb.edu_ucsb,0,0,,
,,1/27/19,delsol_caminocorto,,,N,,15.76,182.8,0.2043,0.1,22.7,,re-entered from invert dataset; surveyed at 3:50:00 PM,,,,,,,762.8,7.91
,,1/27/19,delsol_caminocorto,,,N,,15.76,182.8,0.2043,0.1,22.7,,re-entered from invert dataset; surveyed at 3:50:00 PM,,,,,,,762.8,7.91
,,1/27/19,delsol_caminocorto,,,N,,15.76,182.8,0.2043,0.1,22.7,,re-entered from invert dataset; surveyed at 3:50:00 PM,,,,,,,762.8,7.91
,,1/27/19,west_campus,,,6,,9.74,109.4,0.168,0.1,21.2,,re-entered from invert dataset; surveyed at 2:30:00 PM,,,,,,,762,8.32
,,1/27/19,west_campus,,,7,,9.74,109.4,0.168,0.1,21.2,,re-entered from invert dataset; surveyed at 2:30:00 PM,,,,,,,762,8.32
,,1/27/19,west_campus,,,8,,9.74,109.4,0.168,0.1,21.2,,re-entered from invert dataset; surveyed at 2:30:00 PM,,,,,,,762,8.32
,,1/28/19,copr,,,Ferren's Folly,,13.9,150,0.095,0,18.8,,re-entered from invert dataset; surveyed at 3:15:00 PM,,,,,,,760.8,9
,,1/28/19,copr,,,Ferren's Folly,,13.9,150,0.095,0,18.8,,re-entered from invert dataset; surveyed at 3:15:00 PM,,,,,,,760.8,9
,,1/30/19,ncos,,,4,,8.181,86.5,0.32,0.2,18,,re-entered from invert dataset; surveyed at 11:30:00 AM,,,,,,,760,8.51
,,1/30/19,ncos,,,5,,8.181,86.5,0.32,0.2,18,,re-entered from invert dataset; surveyed at 11:30:00 AM,,,,,,,760,8.51
,,1/30/19,ncos,,,6,,8.181,86.5,0.32,0.2,18,,re-entered from invert dataset; surveyed at 11:30:00 AM,,,,,,,760,8.51
,,2/7/19,ncos,,,2,,10.3,101,0.39,0.2,15.3,,re-entered from invert dataset; surveyed at 11:50,,,,,,,768.7,7.6
,,2/7/19,ncos,,,3,,10.3,101,0.39,0.2,15.3,,re-entered from invert dataset; surveyed at 11:50,,,,,,,768.7,7.6
,,2/7/19,ncos,,,4,,10.3,101,0.39,0.2,15.3,,re-entered from invert dataset; surveyed at 11:50,,,,,,,768.7,7.6
,,2/8/19,south_parcel,,,9,,8.79,95.8,0.0755,0,19.5,,re-entered from invert dataset; surveyed at 14:10,,,,,,,762.6,7.5
,,2/8/19,south_parcel,,,10,,8.79,95.8,0.0755,0,19.5,,re-entered from invert dataset; surveyed at 14:10,,,,,,,762.6,7.5
,,2/8/19,south_parcel,,,11,,8.79,95.8,0.0755,0,19.5,,re-entered from invert dataset; surveyed at 14:10,,,,,,,762.6,7.5
,,2/11/19,delsol_caminocorto,,,7,,8.71,87.5,0,0,15.6,,re-entered from invert dataset; surveyed at 12:30,,,,,,,766.6,7
,,2/11/19,delsol_caminocorto,,,8,,8.71,87.5,0,0,15.6,,re-entered from invert dataset; surveyed at 12:30,,,,,,,766.6,7
,,2/11/19,delsol_caminocorto,,,9,,8.71,87.5,0,0,15.6,,re-entered from invert dataset; surveyed at 12:30,,,,,,,766.6,7
,,2/11/19,manzanita_village,,,Santa Rosa,,9.4,99.5,0,0,18.1,,re-entered from invert dataset; surveyed at 14:30,,,,,,,765,6.8
,,2/11/19,manzanita_village,,,Santa Rosa,,9.4,99.5,0,0,18.1,,re-entered from invert dataset; surveyed at 14:30,,,,,,,765,6.8
,,2/11/19,manzanita_village,,,Santa Catalina,,15.87,168.3,0.158,0.1,18.2,,re-entered from invert dataset; surveyed at 15:35,,,,,,,764.7,8.8
,,2/11/19,manzanita_village,,,Santa Catalina,,15.87,168.3,0.158,0.1,18.2,,re-entered from invert dataset; surveyed at 15:35,,,,,,,764.7,8.8
,,2/11/19,north_parcel,,,14,,5.74,50.1,0.03,0,9.3,,re-entered from invert dataset; surveyed at 10:50,,,,,,,766,6.9
,,2/11/19,north_parcel,,,15,,5.74,50.1,0.03,0,9.3,,re-entered from invert dataset; surveyed at 10:50,,,,,,,766,6.9
,,2/11/19,north_parcel,,,16,,5.74,50.1,0.03,0,9.3,,re-entered from invert dataset; surveyed at 10:50,,,,,,,766,6.9
,,3/7/19,more_mesa,,,Main pool,,2.45,22.8,0.1539,0.1,12.1,,re-entered from invert dataset; surveyed at 8:33:00 AM,,,,,,,761.2,5.9
,,3/7/19,more_mesa,,,Main pool,,2.45,22.8,0.1539,0.1,12.1,,re-entered from invert dataset; surveyed at 8:33:00 AM,,,,,,,761.2,5.9
,,3/7/19,more_mesa,,,Main pool,,2.45,22.8,0.1539,0.1,12.1,,re-entered from invert dataset; surveyed at 8:33:00 AM,,,,,,,761.2,5.9
,,3/13/19,copr,,,Ferren's Folly,,8.68,86,0.05,0,14.7,,re-entered from invert dataset; surveyed at 10:45:00 AM,,,,,,,762.1,6.8
,,3/13/19,copr,,,Ferren's Folly,,8.68,86,0.05,0,14.7,,re-entered from invert dataset; surveyed at 10:45:00 AM,,,,,,,762.1,6.8
,,3/14/19,ncos,,,4,,9.41,96,0.0566,0.2,16.7,,re-entered from invert dataset; surveyed at 11:45:00 AM,,,,,,,766.6,7.6
,,3/14/19,ncos,,,5,,9.41,96,0.0566,0.2,16.7,,re-entered from invert dataset; surveyed at 11:45:00 AM,,,,,,,766.6,7.6
,,4/8/19,south_parcel,,,9,,11.86,152.4,0.252,0.1,28.3,,re-entered from invert dataset; surveyed at 13:30,,,,,,,759.4,7.9
,,4/8/19,south_parcel,,,10,,11.86,152.4,0.252,0.1,28.3,,re-entered from invert dataset; surveyed at 13:30,,,,,,,759.4,7.9
,,4/8/19,copr,,,Ferren's Folly,,8.97,107.5,0.162,0.1,24.5,,re-entered from invert dataset; surveyed at 11:00:00 AM,,,,,,,762.7,6.3
,,4/8/19,copr,,,Ferren's Folly,,8.97,107.5,0.162,0.1,24.5,,re-entered from invert dataset; surveyed at 11:00:00 AM,,,,,,,762.7,6.3
,,4/10/19,delsol_caminocorto,,,7,,8.4,113,0.0003,0,32.8,,re-entered from invert dataset; surveyed at 11:00:00 AM,,,,,,,761.6,6.8
,,4/10/19,delsol_caminocorto,,,N,,3.9,45,0.076,0,23.5,,re-entered from invert dataset; surveyed at 1:25:00 PM,,,,,,,761.5,6.1
,,4/15/19,manzanita_village,,,Santa Catalina,,7,80,0.0603,0,21.6,,re-entered from invert dataset; surveyed at 11:30:00 AM,,,,,,,759.1,6.9
,,4/15/19,manzanita_village,,,Santa Catalina,,7,80,0.0603,0,21.6,,re-entered from invert dataset; surveyed at 11:30:00 AM,,,,,,,759.1,6.9
,,5/1/19,ncos,,,2,,8,103,0.0007,0,28.3,,re-entered from invert dataset; surveyed at 14:45,,,,,,,759.5,7.8
,,5/1/19,ncos,,,4,,8,103,0.0007,0,28.3,,re-entered from invert dataset; surveyed at 14:45,,,,,,,759.5,7.8
,,5/1/19,south_parcel,,,11,,9.5,127,0.72,0.3,30.5,,re-entered from invert dataset; surveyed a t4:00:00 PM,,,,,,,757.4,7.8
,,5/1/19,south_parcel,,,12,,9.5,127,0.72,0.3,30.5,,re-entered from invert dataset; surveyed at 4:00:00 PM,,,,,,,757.4,7.8
,,5/1/19,ncos,,,4,,15.76,183,0.204,0.1,22.7,,re-entered from invert dataset; surveyed at 13:30,,,,,,,760.5,9.2
,,5/1/19,ncos,,,5,,15.76,183,0.204,0.1,22.7,,re-entered from invert dataset; surveyed at 13:30,,,,,,,760.5,9.2
,,5/1/19,ncos,,,6,,15.76,183,0.204,0.1,22.7,, re-entered from invert dataset; surveyed at13:30,,,,,,,760.5,9.2
,,5/3/19,copr,,,Ferren's Folly,,7.1,79,0.198,0.1,20.4,,re-entered from invert dataset; surveyed at 11:35:00 AM,,,,,,,759.6,6.8
,,5/3/19,copr,,,Ferren's Folly,,7.1,79,0.198,0.1,20.4,,re-entered from invert dataset; surveyed at 11:35:00 AM,,,,,,,759.6,6.8